Timestamp,Type,Ch1,Ch2,Ch3,Ch4,Ch5,Ch6,Ch7,Ch8
1771511514.2116249,RAW,728385.8125,-86041.34375,262752.1875,380438.25,373307.84375,-348837.96875,238582.359375,-28864.060546875
1771511514.2116249,RAW,420377.59375,-80796.28125,382647.5,476601.0,437991.65625,-356918.65625,102424.7265625,-126814.1484375
1771511514.2371395,RAW,-263692.65625,-13262.005859375,522192.75,680994.9375,631191.1875,16241.5830078125,157766.484375,-19350.80078125
1771511514.2371395,RAW,-616979.375,-96263.9609375,513312.125,718934.125,750000.0625,354801.15625,250592.125,62396.59765625
1771511514.2371395,RAW,611.3649291992188,-144614.90625,537053.375,737595.0,750000.0625,303329.90625,153335.5625,59689.53125
1771511514.2371395,RAW,750000.0625,3800.69091796875,636726.9375,750000.0625,750000.0625,474243.6875,127953.640625,-102972.7890625
1771511514.2371395,RAW,750000.0625,595345.625,672673.625,750000.0625,750000.0625,604974.6875,721575.0625,541234.625
1771511514.2371395,RAW,750000.0625,523496.84375,750000.0625,750000.0625,750000.0625,750000.0625,750000.0625,750000.0625
1771511514.2854373,RAW,750000.0625,633892.1875,750000.0625,750000.0625,750000.0625,750000.0625,750000.0625,750000.0625
1771511514.2854373,RAW,750000.0625,659428.0,750000.0625,750000.0625,750000.0625,750000.0625,750000.0625,750000.0625
1771511514.2854373,RAW,750000.0625,750000.0625,750000.0625,750000.0625,750000.0625,750000.0625,750000.0625,750000.0625
1771511514.2854373,RAW,750000.0625,750000.0625,750000.0625,750000.0625,750000.0625,750000.0625,750000.0625,750000.0625
1771511514.2854373,RAW,750000.0625,750000.0625,750000.0625,750000.0625,750000.0625,750000.0625,750000.0625,750000.0625
1771511514.2854373,RAW,750000.0625,750000.0625,750000.0625,750000.0625,750000.0625,750000.0625,750000.0625,750000.0625
1771511514.2854373,RAW,735173.3125,728925.625,750000.0625,750000.0625,741624.75,726197.9375,654542.375,750000.0625
1771511514.2854373,RAW,628477.375,623048.375,750000.0625,699145.625,634155.9375,620978.9375,559748.4375,645303.625
1771511514.2854373,RAW,546356.125,541514.1875,673500.125,607752.4375,551418.125,539961.9375,486826.1875,561016.1875
1771511514.2854373,RAW,508937.90625,504459.0625,627315.6875,566144.3125,513746.65625,503060.625,453704.125,522671.53125
1771511514.2854373,RAW,492214.84375,487954.4375,606649.4375,547534.875,496897.53125,486573.4375,438882.6875,505527.90625
1771511514.2854373,RAW,477547.71875,473451.8125,588496.9375,531186.125,482088.78125,472097.375,425819.625,490449.875
1771511514.3162732,RAW,464106.375,460118.5625,571870.1875,516209.8125,468522.34375,458823.125,413874.3125,476669.9375
1771511514.3162732,RAW,451750.5,447868.09375,556586.6875,502430.3125,456044.8125,446605.5,402860.625,463993.90625
1771511514.3162732,RAW,440397.15625,436616.6875,542546.0,489759.1875,444582.5625,435371.59375,392734.375,452351.125
1771511514.3162732,RAW,429929.21875,426238.84375,529596.8125,478091.40625,434001.15625,425012.71875,383393.78125,441589.5625
1771511514.3162732,RAW,420252.875,416640.46875,517610.46875,467297.03125,424209.84375,415423.65625,374730.3125,431622.21875
1771511514.3162732,RAW,411265.40625,407721.78125,506490.375,457271.65625,415122.6875,406520.5,366685.125,422386.5625
1771511514.3162732,RAW,402902.8125,399426.84375,496141.59375,447942.5625,406668.0,398244.90625,359197.125,413793.3125
1771511514.3609447,RAW,395150.96875,391739.65625,486533.9375,439284.40625,398834.625,390574.03125,352262.625,405821.0625
1771511514.3609447,RAW,387942.96875,384597.71875,477596.71875,431234.09375,391554.75,383438.46875,345818.25,398420.65625
1771511514.3609447,RAW,381211.96875,377922.0625,469261.75,423722.3125,384756.59375,376779.625,339800.90625,391512.8125
1771511514.3609447,RAW,374884.90625,371650.4375,461429.53125,416666.125,378366.25,370523.375,334146.875,385020.625
1771511514.3609447,RAW,368944.53125,365763.59375,454081.34375,410043.5,372369.25,364646.28125,328839.875,378920.46875
1771511514.3609447,RAW,363406.03125,360272.40625,447220.53125,403861.4375,366777.21875,359167.59375,323889.125,373225.96875
1771511514.3609447,RAW,358191.1875,355100.75,440761.03125,398038.90625,361506.65625,354004.09375,319224.9375,367853.0625
1771511514.3609447,RAW,353304.125,350255.875,434705.96875,392577.5625,356570.0625,349170.28125,314856.78125,362838.125
1771511514.3609447,RAW,348710.5625,345702.03125,429015.46875,387448.09375,351932.25,344628.5,310755.34375,358123.34375
1771511514.3609447,RAW,344389.09375,341417.09375,423656.59375,382622.46875,347565.1875,340352.1875,306899.125,353679.09375
1771511514.3609447,RAW,340309.25,337371.15625,418596.0625,378067.96875,343438.3125,336312.6875,303249.625,349486.15625
1771511514.3609447,RAW,336456.71875,333554.28125,413820.03125,373764.8125,339546.09375,332500.71875,299807.90625,345521.96875
1771511514.412842,RAW,332825.71875,329955.03125,409314.5625,369710.03125,335881.375,328911.375,296568.0625,341794.9375
1771511514.412842,RAW,329397.0625,326555.0625,405064.59375,365883.3125,332424.28125,325525.71875,293513.09375,338284.5625
1771511514.412842,RAW,326163.46875,323347.59375,401051.65625,362268.96875,329154.125,322320.5,290624.90625,334949.84375
1771511514.412842,RAW,323082.15625,320293.28125,397231.09375,358828.3125,326047.59375,319278.15625,287879.84375,331785.8125
1771511514.412842,RAW,320168.28125,317408.03125,393623.625,355574.875,323114.96875,316409.96875,285286.875,328803.21875
1771511514.412842,RAW,317424.8125,314689.78125,390221.4375,352515.0,320347.8125,313703.53125,282844.0,325984.46875
1771511514.412842,RAW,314820.84375,312109.3125,386991.59375,349606.15625,317720.9375,311131.90625,280524.59375,323311.84375
1771511514.412842,RAW,312346.96875,309658.21875,383925.03125,346844.28125,315227.28125,308691.5625,278318.65625,320773.375
1771511514.412842,RAW,310019.15625,307351.96875,381034.125,344245.3125,312882.0625,306396.65625,276245.03125,318378.09375
1771511514.412842,RAW,307813.5,305164.4375,378288.90625,341777.84375,310654.21875,304209.9375,274281.03125,316108.5
1771511514.412842,RAW,305723.34375,303091.90625,375689.3125,339436.125,308544.03125,302143.125,272419.40625,313960.3125
1771511514.412842,RAW,303727.5,301113.25,373208.78125,337203.25,306525.9375,300169.09375,270637.0,311901.53125
1771511514.412842,RAW,301830.1875,299229.625,370843.625,335076.625,304608.6875,298290.65625,268944.15625,309951.375
1771511514.4591181,RAW,300024.71875,297438.53125,368591.28125,333055.59375,302784.15625,296503.15625,267334.75,308095.3125
1771511514.4591181,RAW,298308.90625,295737.5625,366457.125,331133.78125,301049.21875,294803.96875,265803.28125,306325.03125
1771511514.4591181,RAW,296669.96875,294110.25,364416.6875,329296.65625,299392.0625,293180.5,264339.25,304639.4375
1771511514.4591181,RAW,295115.375,292565.84375,362481.46875,327556.15625,297818.15625,291640.9375,262950.3125,303040.9375
1771511514.4591181,RAW,293648.90625,291109.84375,360653.8125,325912.6875,296335.15625,290186.90625,261644.171875,301526.46875
1771511514.4591181,RAW,292248.53125,289719.84375,358907.34375,324341.25,294921.4375,288799.84375,260397.828125,300082.28125
1771511514.4591181,RAW,290899.84375,288380.4375,357228.625,322830.28125,293557.8125,287464.625,259189.59375,298702.28125
1771511514.4591181,RAW,289612.90625,287104.25,355632.0,321387.0625,292261.6875,286195.875,258043.21875,297389.625
1771511514.4591181,RAW,288391.34375,285891.625,354111.1875,320015.03125,291029.375,284989.75,256956.46875,296141.40625
1771511514.4591181,RAW,287236.28125,284744.96875,352667.0,318715.59375,289859.125,283847.21875,255919.34375,294954.34375
1771511514.4591181,RAW,286134.53125,283656.875,351295.40625,317484.90625,288752.0,282765.0625,254939.8125,293829.59375
1771511514.4591181,RAW,285083.71875,282617.71875,349986.9375,316306.15625,287694.0625,281733.125,254004.34375,292749.9375
1771511514.4989843,RAW,284064.5,281608.375,348720.59375,315168.8125,286665.53125,280723.25,253097.21875,291698.875
1771511514.4989843,RAW,283098.1875,280651.375,347517.15625,314090.5625,285691.4375,279767.78125,252236.140625,290713.78125
1771511514.4989843,RAW,282205.4375,279771.96875,346403.40625,313085.71875,284798.34375,278896.59375,251446.765625,289804.3125
1771511514.4989843,RAW,281324.6875,278896.78125,345298.625,312099.75,283905.0,278015.46875,250660.4375,288885.59375
1771511514.4989843,RAW,280538.625,278114.1875,344304.21875,311205.3125,283105.96875,277237.46875,249955.1875,288074.125
1771511514.4989843,RAW,279772.15625,277351.71875,343336.59375,310332.15625,282328.375,276481.34375,249266.84375,287284.40625
1771511514.4989843,RAW,279007.4375,276592.21875,342377.40625,309475.84375,281554.46875,275723.8125,248584.484375,286494.65625
1771511514.4989843,RAW,278295.5,275886.34375,341480.84375,308681.8125,280834.5625,275018.90625,247957.65625,285752.9375
1771511514.4989843,RAW,277606.25,275199.53125,340615.03125,307904.15625,280132.28125,274333.0625,247334.046875,285037.15625
1771511514.4989843,RAW,276937.0625,274538.8125,339780.96875,307159.9375,279462.8125,273675.75,246743.6875,284347.375
1771511514.5490212,RAW,276311.21875,273926.71875,339007.6875,306459.875,278844.09375,273070.8125,246192.9375,283723.3125
1771511514.5490212,RAW,275718.4375,273340.03125,338263.625,305789.21875,278249.46875,272488.78125,245669.640625,283124.71875
1771511514.5490212,RAW,275138.0,272764.96875,337537.1875,305133.59375,277661.78125,271912.03125,245150.90625,282518.1875
1771511514.5490212,RAW,274599.59375,272232.625,336859.3125,304526.96875,277118.5625,271380.15625,244675.625,281961.28125
1771511514.5490212,RAW,274070.21875,271709.25,336197.0,303930.375,276588.0,270859.15625,244208.109375,281423.9375
1771511514.5490212,RAW,273570.53125,271211.53125,335566.03125,303362.28125,276081.4375,270365.375,243758.75,280914.59375
1771511514.5490212,RAW,273102.125,270752.59375,334970.15625,302836.03125,275612.59375,269902.5,243349.625,280443.40625
1771511514.5490212,RAW,272644.96875,270305.5625,334396.875,302321.75,275153.03125,269453.25,242945.234375,279975.375
1771511514.5490212,RAW,272215.28125,269869.0,333849.4375,301826.15625,274707.78125,269020.5,242551.046875,279528.34375
1771511514.5490212,RAW,271810.09375,269465.59375,333334.96875,301364.375,274299.5625,268621.65625,242190.015625,279115.53125
1771511514.5490212,RAW,271409.125,269066.90625,332822.0625,300907.25,273891.59375,268218.625,241828.359375,278699.1875
1771511514.5490212,RAW,271044.59375,268700.4375,332354.0,300482.125,273513.9375,267851.0625,241489.234375,278316.5
1771511514.594664,RAW,270672.125,268335.125,331887.75,300057.53125,273144.84375,267490.59375,241159.515625,277941.71875
1771511514.594664,RAW,270342.5,267998.84375,331453.78125,299678.15625,272801.28125,267154.84375,240857.765625,277585.4375
1771511514.594664,RAW,270048.6875,267697.90625,331058.9375,299331.09375,272488.625,266850.4375,240584.890625,277260.71875
1771511514.594664,RAW,269752.75,267399.21875,330669.3125,298987.0625,272180.59375,266547.15625,240315.328125,276950.90625
1771511514.594664,RAW,269439.375,267082.15625,330263.84375,298628.4375,271854.8125,266224.21875,240030.921875,276619.5625
1771511514.594664,RAW,269164.09375,266804.03125,329902.90625,298309.625,271568.4375,265946.25,239777.359375,276329.96875
1771511514.594664,RAW,268896.0625,266544.46875,329570.3125,298002.40625,271306.75,265691.25,239544.90625,276061.84375
1771511514.594664,RAW,268619.15625,266279.375,329231.46875,297693.875,271039.3125,265428.5,239306.640625,275784.40625
1771511514.594664,RAW,268354.78125,266027.71875,328905.5625,297402.125,270783.4375,265177.1875,239079.984375,275517.4375
1771511514.594664,RAW,268113.125,265791.40625,328600.96875,297127.21875,270546.78125,264946.6875,238870.78125,275274.625
1771511514.594664,RAW,267890.5,265575.5625,328313.53125,296877.3125,270330.78125,264735.25,238682.40625,275053.96875
1771511514.594664,RAW,267671.28125,265362.5,328034.5,296629.375,270115.125,264526.1875,238493.84375,274825.96875
1771511514.6290362,RAW,267455.1875,265150.625,327764.03125,296381.09375,269903.6875,264323.0625,238298.75,274614.71875
1771511514.6290362,RAW,267243.71875,264942.75,327498.03125,296140.96875,269694.65625,264118.5,238111.796875,274400.9375
1771511514.6290362,RAW,267029.15625,264727.46875,327225.0,295900.53125,269472.28125,263896.6875,237917.875,274169.71875
1771511514.6290362,RAW,266845.5,264544.0,326989.59375,295685.78125,269286.0625,263719.125,237751.84375,273986.625
1771511514.6290362,RAW,266690.03125,264386.8125,326783.25,295495.09375,269125.375,263566.78125,237610.59375,273826.6875
1771511514.6290362,RAW,266542.40625,264233.9375,326579.375,295317.34375,268966.96875,263410.40625,237472.1875,273660.28125
1771511514.6290362,RAW,266391.5,264078.71875,326374.09375,295139.6875,268811.125,263258.59375,237332.078125,273511.96875
1771511514.6290362,RAW,266225.21875,263911.875,326156.125,294949.53125,268642.9375,263094.8125,237184.75,273339.40625
1771511514.6564565,RAW,266065.875,263751.75,325948.53125,294763.03125,268482.46875,262936.90625,237040.796875,273182.0625
1771511514.6564565,RAW,265922.28125,263607.46875,325756.03125,294596.09375,268339.78125,262795.375,236913.65625,273040.25
1771511514.6564565,RAW,265802.75,263487.84375,325592.0625,294455.46875,268218.625,262674.9375,236811.109375,272913.75
1771511514.6564565,RAW,265654.4375,263342.28125,325406.46875,294286.21875,268075.3125,262535.03125,236684.6875,272771.6875
1771511514.6564565,RAW,265525.875,263219.78125,325239.1875,294142.90625,267953.96875,262414.59375,236583.21875,272648.46875
1771511514.6564565,RAW,265416.4375,263116.53125,325090.5,294015.03125,267846.34375,262308.09375,236488.078125,272543.15625
1771511514.6564565,RAW,265305.90625,263010.21875,324938.78125,293883.53125,267735.28125,262196.96875,236388.578125,272429.15625
1771511514.6916752,RAW,265199.34375,262904.4375,324796.25,293759.875,267629.15625,262091.734375,236295.765625,272315.6875
1771511514.6916752,RAW,265087.3125,262793.3125,324651.25,293634.34375,267515.34375,261978.8125,236195.640625,272205.0
1771511514.6916752,RAW,264994.53125,262700.59375,324525.71875,293519.375,267415.65625,261881.28125,236110.25,272105.6875
1771511514.6916752,RAW,264898.21875,262604.9375,324397.84375,293401.25,267315.34375,261784.984375,236023.875,272001.34375
1771511514.6916752,RAW,264812.40625,262519.8125,324279.46875,293302.65625,267231.46875,261703.265625,235948.6875,271911.3125
1771511514.6916752,RAW,264716.90625,262423.34375,324152.53125,293195.1875,267136.875,261609.03125,235865.09375,271811.625
1771511514.6916752,RAW,264641.1875,262347.8125,324045.9375,293100.6875,267058.5625,261530.984375,235797.59375,271729.375
1771511514.6916752,RAW,264573.15625,262278.78125,323944.90625,293013.15625,266986.40625,261460.078125,235732.328125,271657.3125
1771511514.6916752,RAW,264504.46875,262211.625,323845.3125,292929.46875,266920.0625,261392.84375,235673.046875,271590.78125
1771511514.7197685,RAW,264441.96875,262156.03125,323757.25,292858.28125,266863.75,261334.46875,235625.75,271534.8125
1771511514.7197685,RAW,264369.21875,262087.359375,323664.8125,292770.84375,266793.375,261266.328125,235561.5625,271462.65625
1771511514.7197685,RAW,264286.21875,262003.3125,323553.40625,292671.78125,266705.84375,261180.953125,235479.3125,271370.125
1771511514.7197685,RAW,264227.3125,261944.578125,323467.5625,292598.125,266647.90625,261127.75,235426.546875,271316.75
1771511514.7197685,RAW,264168.03125,261891.203125,323391.125,292531.78125,266594.90625,261074.5625,235382.484375,271256.65625
1771511514.7197685,RAW,264082.03125,261808.140625,323286.09375,292434.9375,266511.5,260990.15625,235307.46875,271173.0625
1771511514.8016844,RAW,264024.625,261749.9375,323203.65625,292361.8125,266453.28125,260934.09375,235255.515625,271116.75
1771511514.8016844,RAW,263987.53125,261705.765625,323136.15625,292304.3125,266405.4375,260887.34375,235214.484375,271065.78125
1771511514.8016844,RAW,263959.0,261675.640625,323085.375,292259.90625,266373.25,260858.375,235187.5625,271035.125
1771511514.8016844,RAW,263900.875,261619.5,323004.8125,292191.3125,266315.3125,260802.140625,235136.15625,270976.5625
1771511514.8016844,RAW,263856.28125,261572.109375,322937.03125,292131.6875,266266.34375,260755.828125,235093.328125,270924.875
1771511514.8016844,RAW,263821.59375,261536.796875,322882.0625,292080.375,266229.6875,260721.84375,235060.078125,270889.375
1771511514.8016844,RAW,263779.84375,261494.765625,322819.8125,292020.1875,266184.53125,260676.703125,235018.328125,270846.21875
1771511514.8016844,RAW,263735.75,261451.859375,322755.375,291969.59375,266136.6875,260630.109375,234979.4375,270795.15625
1771511514.8016844,RAW,263706.0625,261419.671875,322702.34375,291927.5625,266100.46875,260597.03125,234951.09375,270752.0625
1771511514.8016844,RAW,263658.15625,261372.8125,322634.40625,291865.875,266052.90625,260547.234375,234909.421875,270710.21875
1771511514.8016844,RAW,263609.78125,261327.671875,322568.3125,291813.75,266006.25,260501.71875,234865.96875,270667.3125
1771511514.8016844,RAW,263577.5,261297.53125,322518.78125,291772.90625,265975.59375,260475.078125,234838.34375,270639.5
1771511514.8016844,RAW,263547.71875,261266.953125,322469.71875,291731.3125,265945.71875,260447.09375,234814.203125,270614.1875
1771511514.8016844,RAW,263518.59375,261226.1875,322415.78125,291681.875,265904.5,260407.21875,234777.734375,270572.71875
1771511514.8016844,RAW,263483.09375,261189.796875,322369.03125,291637.4375,265871.40625,260376.734375,234747.78125,270540.34375
1771511514.8297548,RAW,263440.625,261159.671875,322319.21875,291600.96875,265839.78125,260346.0625,234722.5625,270503.5
1771511514.8297548,RAW,263412.71875,261134.734375,322277.125,291565.1875,265809.28125,260316.203125,234695.921875,270466.9375
1771511514.8297548,RAW,263390.375,261111.125,322238.21875,291529.4375,265785.59375,260293.40625,234675.890625,270442.09375
1771511514.8297548,RAW,263362.40625,261080.640625,322189.9375,291491.0,265754.9375,260264.4375,234650.5,270412.65625
1771511514.8297548,RAW,263359.625,261077.59375,322174.75,291478.5625,265752.0625,260265.15625,234644.515625,270413.75
1771511514.8297548,RAW,263335.46875,261055.421875,322137.90625,291447.28125,265730.4375,260243.078125,234627.703125,270386.90625
1771511514.8297548,RAW,263302.75,261022.703125,322087.65625,291404.90625,265695.46875,260208.65625,234594.625,270352.0625
1771511514.8297548,RAW,263276.375,260995.609375,322043.5,291373.25,265667.40625,260178.15625,234571.828125,270329.4375
1771511514.8297548,RAW,263251.09375,260969.5,322003.71875,291341.59375,265642.375,260153.9375,234549.46875,270304.3125
1771511514.8297548,RAW,263225.15625,260944.640625,321964.375,291309.0625,265619.65625,260131.484375,234530.96875,270275.4375
1771511514.8297548,RAW,263191.28125,260913.453125,321918.5,291263.8125,265591.21875,260102.703125,234504.59375,270246.5625
1771511514.8297548,RAW,263173.125,260894.765625,321887.75,291236.28125,265574.84375,260089.203125,234491.09375,270234.46875
1771511514.8297548,RAW,263154.6875,260878.390625,321858.6875,291215.0,265558.75,260075.796875,234478.390625,270226.15625
1771511514.8815846,RAW,263122.25,260854.078125,321818.5625,291182.8125,265535.875,260052.09375,234457.828125,270210.0625
1771511514.8815846,RAW,263109.71875,260840.75,321789.21875,291162.40625,265519.34375,260033.5,234442.625,270181.28125
1771511514.8815846,RAW,263094.15625,260822.15625,321758.5625,291134.34375,265498.25,260014.546875,234423.40625,270155.1875
1771511514.8815846,RAW,263088.4375,260817.515625,321743.8125,291117.09375,265490.8125,260011.421875,234416.96875,270150.78125
1771511514.8815846,RAW,263073.59375,260803.109375,321715.90625,291097.59375,265474.625,259993.984375,234406.328125,270129.875
1771511514.8815846,RAW,263056.1875,260787.296875,321686.0625,291073.1875,265455.40625,259973.515625,234385.40625,270112.09375
1771511514.8815846,RAW,263044.375,260772.359375,321655.375,291050.46875,265440.46875,259955.984375,234367.625,270098.03125
1771511514.8815846,RAW,263036.3125,260762.4375,321633.84375,291029.84375,265432.0,259948.03125,234362.171875,270085.34375
1771511514.8815846,RAW,263031.75,260755.734375,321617.75,291017.3125,265426.4375,259943.375,234362.796875,270076.59375
1771511514.8815846,RAW,263012.8125,260734.8125,321586.28125,290990.59375,265405.625,259923.890625,234341.59375,270065.78125
1771511514.8815846,RAW,262998.6875,260722.203125,321560.25,290971.09375,265393.8125,259912.0,234330.15625,270053.96875
1771511514.8815846,RAW,262993.6875,260718.265625,321542.1875,290961.25,265388.09375,259904.578125,234327.03125,270036.25
1771511514.8815846,RAW,262979.90625,260705.390625,321518.15625,290934.875,265374.59375,259891.96875,234312.09375,270021.4375
1771511514.9253092,RAW,262965.25,260688.046875,321489.34375,290908.9375,265354.65625,259872.84375,234291.71875,270003.71875
1771511514.9253092,RAW,262957.65625,260679.109375,321470.75,290894.375,265342.125,259861.75,234282.140625,269993.625
1771511514.9253092,RAW,262951.5625,260674.109375,321452.15625,290886.875,265338.28125,259857.90625,234281.515625,269988.4375
1771511514.9253092,RAW,262937.0,260659.890625,321426.78125,290865.40625,265326.75,259849.0625,234268.015625,269973.5
1771511514.9253092,RAW,262940.21875,260661.671875,321416.125,290860.03125,265329.78125,259850.484375,234271.5,269974.03125
1771511514.9253092,RAW,262938.15625,260659.796875,321401.1875,290852.0,265327.03125,259843.421875,234272.9375,269964.46875
1771511514.9253092,RAW,262924.5625,260649.421875,321382.15625,290833.21875,265317.1875,259831.984375,234260.6875,269955.09375
1771511514.9253092,RAW,262915.71875,260644.15625,321370.0,290816.5,265312.0,259829.46875,234251.390625,269958.65625
1771511514.9253092,RAW,262904.4375,260633.25,321348.90625,290798.71875,265301.1875,259819.90625,234242.09375,269947.9375
1771511514.9253092,RAW,262900.34375,260626.71875,321335.40625,290790.3125,265292.5,259814.28125,234238.0625,269936.5625
1771511514.9253092,RAW,262888.1875,260610.4375,321312.5,290767.34375,265277.9375,259800.953125,234224.75,269922.625
1771511515.0016809,RAW,262874.9375,260595.0625,321288.71875,290744.1875,265266.03125,259787.71875,234214.828125,269914.21875
1771511515.0016809,RAW,262861.34375,260583.796875,321264.3125,290729.4375,265254.5,259773.59375,234207.046875,269905.28125
1771511515.0016809,RAW,262845.53125,260576.109375,321247.34375,290715.375,265247.28125,259765.90625,234201.671875,269896.0
1771511515.0016809,RAW,262829.4375,260569.859375,321231.15625,290700.90625,265240.21875,259761.96875,234193.984375,269888.9375
1771511515.0016809,RAW,262828.09375,260567.890625,321218.1875,290691.15625,265234.84375,259757.328125,234186.75,269884.90625
1771511515.0016809,RAW,262827.5625,260559.75,321199.84375,290679.0,265223.75,259748.03125,234176.90625,269875.15625
1771511515.0016809,RAW,262832.75,260561.71875,321194.9375,290674.875,265226.34375,259753.390625,234178.796875,269874.0
1771511515.0016809,RAW,262822.09375,260558.953125,321181.09375,290663.09375,265226.09375,259753.296875,234177.984375,269871.9375
1771511515.0016809,RAW,262804.40625,260540.703125,321152.21875,290640.46875,265206.9375,259732.46875,234158.859375,269852.71875
1771511515.0016809,RAW,262808.96875,260538.109375,321142.5625,290634.75,265203.28125,259727.90625,234156.53125,269850.9375
1771511515.0016809,RAW,262801.4375,260530.875,321126.53125,290623.03125,265196.03125,259720.40625,234152.234375,269844.3125
1771511515.0016809,RAW,262789.65625,260518.890625,321105.96875,290602.03125,265185.75,259712.53125,234140.078125,269837.0625
1771511515.0016809,RAW,262786.34375,260515.234375,321094.4375,290597.1875,265182.28125,259707.796875,234137.578125,269830.375
1771511515.0016809,RAW,262785.1875,260515.5,321087.28125,290594.5,265183.0,259706.71875,234140.34375,269826.96875
1771511515.0016809,RAW,262781.59375,260509.234375,321070.65625,290579.03125,265177.0,259700.453125,234133.28125,269819.1875
1771511515.0016809,RAW,262771.21875,260497.078125,321047.40625,290557.125,265163.84375,259685.984375,234119.875,269810.4375
1771511515.0016809,RAW,262768.71875,260493.40625,321036.4375,290550.59375,265158.125,259684.90625,234117.71875,269809.53125
1771511515.0016809,RAW,262766.3125,260492.609375,321026.84375,290545.25,265158.40625,259686.953125,234120.5,269809.71875
1771511515.0496497,RAW,262761.5625,260489.125,321014.15625,290535.9375,265153.03125,259679.71875,234117.1875,269799.34375
1771511515.0496497,RAW,262761.21875,260490.8125,321010.6875,290533.875,265154.28125,259681.15625,234119.0625,269799.96875
1771511515.0496497,RAW,262763.71875,260491.796875,321006.46875,290526.90625,265154.09375,259682.046875,234120.140625,269797.1875
1771511515.0496497,RAW,262759.0625,260484.921875,320986.4375,290517.625,265148.125,259674.796875,234114.953125,269797.28125
1771511515.0496497,RAW,262742.0,260467.21875,320954.625,290495.90625,265129.0625,259650.921875,234098.140625,269772.4375
1771511515.0496497,RAW,262735.125,260461.5,320940.5,290481.5,265123.71875,259646.640625,234091.96875,269766.15625
1771511515.0496497,RAW,262732.0625,260456.75,320928.875,290471.46875,265117.90625,259642.703125,234086.609375,269764.46875
1771511515.0496497,RAW,262728.6875,260452.546875,320916.78125,290467.09375,265113.4375,259639.75,234085.71875,269765.4375
1771511515.0496497,RAW,262729.03125,260453.359375,320909.65625,290465.75,265115.40625,259644.671875,234090.1875,269766.625
1771511515.0496497,RAW,262729.125,260450.40625,320903.03125,290451.71875,265113.4375,259646.09375,234084.828125,269760.28125
1771511515.0496497,RAW,262728.6875,260449.421875,320898.8125,290441.53125,265111.5625,259641.09375,234079.1875,269762.21875
1771511515.0496497,RAW,262725.53125,260445.484375,320889.625,290439.125,265104.75,259632.421875,234076.78125,269749.1875
1771511515.0496497,RAW,262721.15625,260443.34375,320882.1875,290430.4375,265103.3125,259632.78125,234071.953125,269750.34375
1771511515.0908997,RAW,262717.6875,260438.34375,320871.65625,290415.6875,265103.6875,259635.90625,234067.5625,269758.375
1771511515.0908997,RAW,262721.0,260440.921875,320864.3125,290415.6875,265108.6875,259640.46875,234074.71875,269765.71875
1771511515.0908997,RAW,262713.5625,260433.515625,320847.875,290402.71875,265104.125,259636.0,234072.03125,269767.0625
1771511515.0908997,RAW,262703.09375,260426.453125,320838.03125,290391.71875,265099.40625,259632.15625,234068.90625,269761.78125
1771511515.0908997,RAW,262686.65625,260411.0625,320814.96875,290374.5625,265083.21875,259615.796875,234052.375,269747.5625
1771511515.0908997,RAW,262667.96875,260394.171875,320786.625,290354.375,265065.59375,259597.28125,234037.171875,269728.875
1771511515.0908997,RAW,262649.90625,260379.421875,320756.125,290336.84375,265052.71875,259581.1875,234026.265625,269713.3125
1771511515.0908997,RAW,262651.15625,260380.578125,320753.1875,290333.34375,265052.1875,259579.21875,234026.0,269707.15625
1771511515.0908997,RAW,262671.71875,260395.421875,320758.46875,290343.90625,265067.46875,259592.1875,234041.546875,269720.65625
1771511515.1765578,RAW,262669.125,260390.234375,320744.15625,290333.71875,265062.03125,259585.9375,234035.46875,269718.34375
1771511515.1765578,RAW,262654.125,260378.703125,320725.03125,290318.6875,265048.0625,259571.625,234025.28125,269698.75
1771511515.1765578,RAW,262654.28125,260379.15625,320722.59375,290317.0625,265050.125,259573.59375,234028.859375,269698.21875
1771511515.1765578,RAW,262665.28125,260385.40625,320724.40625,290318.25,265056.21875,259580.921875,234035.65625,269701.15625
1771511515.1765578,RAW,262656.53125,260373.609375,320708.5625,290292.65625,265042.78125,259573.59375,234015.984375,269695.8125
1771511515.1765578,RAW,262654.65625,260376.46875,320703.375,290290.96875,265038.59375,259572.515625,234011.234375,269692.0625
1771511515.1765578,RAW,262648.03125,260370.921875,320689.25,290283.71875,265029.75,259564.03125,234006.328125,269680.875
1771511515.1765578,RAW,262642.40625,260367.703125,320679.25,290277.125,265026.96875,259563.046875,234007.390625,269679.0
1771511515.1765578,RAW,262642.9375,260366.453125,320671.8125,290268.09375,265024.5625,259561.796875,234004.265625,269677.21875
1771511515.1765578,RAW,262638.71875,260362.875,320656.875,290258.0625,265019.28125,259557.046875,233999.703125,269676.40625
1771511515.1765578,RAW,262648.75,260370.5625,320656.34375,290263.25,265024.28125,259559.46875,234006.765625,269681.21875
1771511515.1765578,RAW,262650.34375,260373.0625,320650.09375,290261.375,265025.09375,259559.015625,234010.96875,269678.625
1771511515.1765578,RAW,262636.59375,260368.6875,320634.71875,290254.03125,265022.21875,259557.234375,234011.515625,269671.5
1771511515.1765578,RAW,262627.90625,260358.9375,320616.375,290239.375,265015.625,259548.109375,234006.59375,269659.3125
1771511515.1765578,RAW,262627.75,260354.03125,320606.1875,290227.5,265007.46875,259541.3125,233992.46875,269656.46875
1771511515.1765578,RAW,262632.375,260358.9375,320604.3125,290227.21875,265009.28125,259544.359375,233993.1875,269662.375
1771511515.1765578,RAW,262636.6875,260366.90625,320603.5,290228.46875,265018.65625,259550.890625,234002.21875,269675.875
1771511515.1765578,RAW,262622.375,260354.390625,320581.0625,290214.875,265009.1875,259538.90625,233994.25,269663.0
1771511515.1765578,RAW,262620.3125,260353.046875,320574.09375,290209.0625,265003.90625,259534.4375,233990.140625,269653.59375
1771511515.1765578,RAW,262629.78125,260361.71875,320574.1875,290212.28125,265010.4375,259542.75,233998.375,269660.21875
1771511515.1765578,RAW,262631.40625,260360.546875,320565.5,290209.6875,265009.09375,259540.6875,233998.8125,269659.3125
1771511515.1765578,RAW,262619.59375,260350.265625,320548.96875,290195.75,264998.09375,259527.8125,233992.828125,269638.84375
1771511515.1765578,RAW,262600.8125,260334.453125,320527.4375,290173.125,264982.0,259512.171875,233975.75,269623.375
1771511515.2258983,RAW,262608.5,260341.15625,320527.25,290174.03125,264989.25,259520.578125,233979.0625,269634.125
1771511515.2258983,RAW,262625.15625,260353.9375,320531.28125,290183.3125,265004.0,259535.328125,233993.71875,269648.40625
1771511515.2258983,RAW,262629.34375,260356.625,320525.46875,290182.34375,265008.90625,259538.359375,234000.15625,269652.1875
1771511515.2258983,RAW,262621.375,260351.4375,320515.90625,290173.59375,265007.40625,259535.421875,233999.796875,269652.71875
1771511515.2258983,RAW,262611.46875,260343.5625,320501.59375,290162.03125,265000.59375,259527.8125,233989.96875,269646.4375
1771511515.2258983,RAW,262609.0625,260338.640625,320490.59375,290153.0,264996.75,259524.59375,233983.34375,269645.125
1771511515.2258983,RAW,262614.0625,260344.109375,320488.0,290156.78125,265001.5,259526.65625,233989.96875,269647.875
1771511515.2258983,RAW,262607.25,260340.4375,320477.8125,290145.875,264997.65625,259521.921875,233987.90625,269644.75
1771511515.2258983,RAW,262595.375,260327.46875,320458.3125,290125.125,264983.59375,259509.9375,233970.65625,269630.28125
1771511515.2258983,RAW,262607.53125,260341.15625,320462.6875,290132.8125,264995.84375,259523.53125,233980.03125,269643.5
1771511515.2258983,RAW,262602.34375,260337.84375,320451.78125,290129.3125,264995.0625,259521.296875,233981.734375,269640.0
1771511515.3482435,RAW,262589.28125,260326.578125,320433.46875,290116.71875,264986.1875,259509.84375,233977.265625,269631.15625
1771511515.3482435,RAW,262581.6875,260319.515625,320420.5,290103.84375,264979.9375,259503.671875,233970.5625,269624.28125
1771511515.3482435,RAW,262577.9375,260315.140625,320410.84375,290096.25,264974.65625,259499.828125,233963.234375,269619.0
1771511515.3482435,RAW,262575.96875,260312.984375,320402.15625,290086.6875,264972.0625,259496.96875,233961.0,269621.59375
1771511515.3482435,RAW,262582.59375,260321.84375,320401.90625,290088.46875,264978.0625,259503.671875,233969.046875,269624.8125
1771511515.3482435,RAW,262589.125,260327.203125,320401.625,290087.9375,264979.84375,259507.34375,233970.921875,269627.21875
1771511515.3482435,RAW,262568.5625,260308.96875,320373.5625,290072.28125,264962.96875,259489.28125,233959.203125,269611.125
1771511515.3482435,RAW,262570.25,260310.484375,320372.03125,290065.125,264965.375,259492.5,233954.640625,269622.3125
1771511515.3482435,RAW,262577.5,260318.625,320375.875,290067.4375,264975.28125,259505.640625,233961.359375,269631.25
1771511515.3482435,RAW,262587.6875,260330.328125,320380.71875,290078.625,264985.84375,259513.15625,233974.578125,269636.53125
1771511515.3482435,RAW,262594.125,260338.5625,320380.625,290084.96875,264988.53125,259515.5625,233982.453125,269620.875
1771511515.3482435,RAW,262579.71875,260324.796875,320361.40625,290064.0625,264973.6875,259504.03125,233960.90625,269615.78125
1771511515.3482435,RAW,262582.0625,260325.953125,320359.15625,290057.34375,264976.1875,259505.203125,233962.515625,269626.0625
1771511515.3482435,RAW,262583.46875,260327.109375,320353.8125,290047.96875,264976.71875,259508.953125,233961.53125,269625.71875
1771511515.3482435,RAW,262578.65625,260322.109375,320344.9375,290040.09375,264972.6875,259506.890625,233955.984375,269620.53125
1771511515.3482435,RAW,262595.375,260336.40625,320355.5,290052.53125,264985.5625,259522.09375,233969.40625,269630.90625
1771511515.3482435,RAW,262595.375,260335.515625,320350.3125,290045.09375,264981.5625,259520.578125,233966.8125,269620.0625
1771511515.3482435,RAW,262585.1875,260332.125,320338.34375,290039.03125,264977.53125,259512.53125,233966.625,269614.25
1771511515.3482435,RAW,262585.34375,260334.0,320329.3125,290040.625,264978.875,259511.1875,233966.1875,269617.84375
1771511515.3482435,RAW,262592.40625,260337.671875,320329.84375,290036.53125,264982.0,259514.3125,233966.71875,269623.21875
1771511515.3482435,RAW,262585.8125,260333.109375,320324.03125,290021.78125,264979.59375,259514.5,233965.46875,269623.84375
1771511515.3482435,RAW,262584.65625,260331.578125,320315.8125,290015.96875,264979.59375,259514.40625,233968.6875,269624.71875
1771511515.3482435,RAW,262575.53125,260318.359375,320295.6875,290002.8125,264963.3125,259494.921875,233954.640625,269607.125
1771511515.3482435,RAW,262570.96875,260312.8125,320285.3125,289993.875,264958.75,259489.8125,233948.203125,269602.65625
1771511515.3482435,RAW,262570.5,260312.546875,320279.3125,289991.90625,264961.625,259490.890625,233953.390625,269602.65625
1771511515.3482435,RAW,262587.0625,260326.671875,320289.4375,290006.03125,264974.75,259504.21875,233969.75,269611.59375
1771511515.3482435,RAW,262596.1875,260331.046875,320287.09375,290006.65625,264971.1875,259502.515625,233965.828125,269604.59375
1771511515.3482435,RAW,262593.59375,260325.765625,320276.03125,289996.09375,264964.03125,259496.171875,233958.21875,269598.625
1771511515.3482435,RAW,262617.28125,260342.578125,320287.5625,290003.71875,264982.53125,259512.703125,233977.53125,269615.78125
1771511515.3482435,RAW,262615.84375,260337.390625,320272.25,289999.6875,264976.90625,259505.90625,233970.734375,269613.1875
1771511515.3482435,RAW,262616.28125,260338.46875,320269.125,289993.0625,264976.71875,259508.0625,233966.359375,269610.6875
1771511515.3482435,RAW,262596.625,260320.40625,320245.96875,289972.5,264956.59375,259486.234375,233950.265625,269586.90625
1771511515.4788759,RAW,262596.0,260324.15625,320241.78125,289975.90625,264963.59375,259494.921875,233961.171875,269594.78125
1771511515.4788759,RAW,262606.1875,260334.171875,320244.53125,289986.90625,264972.875,259503.671875,233968.78125,269597.90625
1771511515.4788759,RAW,262605.21875,260330.0625,320235.15625,289978.21875,264971.375,259501.0,233962.34375,269592.71875
1771511515.4788759,RAW,262599.5625,260322.734375,320224.4375,289963.21875,264964.5625,259491.609375,233955.546875,269589.3125
1771511515.4788759,RAW,262602.4375,260326.21875,320223.25,289963.90625,264967.5,259496.4375,233959.390625,269600.3125
1771511515.4788759,RAW,262597.0625,260323.625,320215.03125,289959.1875,264966.4375,259496.078125,233961.0,269601.5625
1771511515.4788759,RAW,262596.875,260329.4375,320212.28125,289962.84375,264971.625,259501.078125,233969.9375,269603.53125
1771511515.4788759,RAW,262585.96875,260320.140625,320194.9375,289952.84375,264964.5625,259495.265625,233962.96875,269595.3125
1771511515.4788759,RAW,262596.0,260329.703125,320205.5625,289959.625,264972.0625,259503.671875,233971.015625,269599.96875
1771511515.4788759,RAW,262584.375,260317.453125,320189.75,289942.71875,264958.03125,259487.765625,233957.859375,269592.625
1771511515.4788759,RAW,262572.125,260302.265625,320168.28125,289924.65625,264943.71875,259473.90625,233944.8125,269585.46875
1771511515.4788759,RAW,262566.9375,260297.34375,320163.28125,289911.09375,264941.0625,259474.265625,233938.546875,269583.15625
1771511515.4788759,RAW,262575.78125,260308.25,320170.875,289914.9375,264952.75,259487.5,233948.484375,269598.15625
1771511515.4788759,RAW,262571.59375,260306.375,320163.4375,289914.75,264948.90625,259482.671875,233948.390625,269592.0
1771511515.4788759,RAW,262574.4375,260311.5625,320163.1875,289918.59375,264949.90625,259486.15625,233949.734375,269587.71875
1771511515.4788759,RAW,262572.46875,260308.96875,320147.09375,289909.28125,264947.3125,259482.75,233944.640625,269584.5
1771511515.4788759,RAW,262578.5625,260311.203125,320146.03125,289906.34375,264953.5625,259490.890625,233946.15625,269594.0625
1771511515.4788759,RAW,262566.75,260297.078125,320130.90625,289891.59375,264941.84375,259480.15625,233933.90625,269573.59375
1771511515.4788759,RAW,262564.875,260298.6875,320123.3125,289880.9375,264941.0625,259478.109375,233934.265625,269576.4375
1771511515.4788759,RAW,262571.59375,260307.53125,320123.75,289885.0625,264945.34375,259482.578125,233943.46875,269580.125
1771511515.4788759,RAW,262575.25,260311.921875,320124.65625,289882.28125,264948.28125,259488.65625,233944.015625,269585.28125
1771511515.4788759,RAW,262579.90625,260318.265625,320125.09375,289886.75,264959.28125,259497.6875,233955.09375,269591.5625
1771511515.4788759,RAW,262576.5,260315.40625,320110.53125,289883.28125,264960.375,259492.234375,233955.1875,269593.53125
1771511515.4788759,RAW,262580.53125,260321.125,320110.15625,289887.65625,264969.40625,259501.625,233965.28125,269603.53125
1771511515.4788759,RAW,262567.46875,260308.78125,320092.46875,289872.09375,264955.625,259488.65625,233953.75,269590.3125
1771511515.4788759,RAW,262569.4375,260310.484375,320084.40625,289874.25,264954.09375,259485.796875,233956.25,269584.9375
1771511515.4788759,RAW,262560.3125,260303.15625,320071.28125,289858.96875,264945.4375,259476.3125,233946.78125,269574.375
1771511515.4788759,RAW,262544.3125,260289.75,320052.21875,289840.09375,264931.3125,259457.8125,233935.6875,269552.75
1771511515.4788759,RAW,262557.28125,260298.140625,320059.5625,289850.375,264939.1875,259464.15625,233946.15625,269565.09375
1771511515.4788759,RAW,262569.53125,260306.28125,320068.40625,289855.90625,264947.03125,259475.515625,233950.796875,269582.0625
1771511515.4788759,RAW,262584.1875,260318.984375,320077.34375,289864.21875,264963.21875,259491.875,233965.640625,269598.09375
1771511515.4788759,RAW,262581.5,260314.515625,320068.15625,289855.8125,264959.375,259489.1875,233958.9375,269598.71875
1771511515.6156614,RAW,262575.78125,260312.453125,320064.375,289841.875,264956.0625,259490.171875,233953.125,269592.90625
1771511515.6156614,RAW,262572.84375,260309.6875,320060.53125,289831.6875,264949.0,259485.265625,233945.34375,269576.96875
1771511515.6156614,RAW,262571.6875,260308.78125,320052.6875,289824.96875,264950.25,259486.78125,233947.9375,269585.5625
1771511515.6156614,RAW,262558.4375,260296.171875,320033.46875,289814.96875,264939.71875,259472.921875,233939.984375,269577.78125
1771511515.6156614,RAW,262551.75,260291.34375,320020.3125,289808.875,264932.375,259464.0625,233931.40625,269572.0625
1771511515.6156614,RAW,262556.75,260297.515625,320023.875,289812.8125,264941.21875,259474.890625,233939.453125,269578.5
1771511515.6156614,RAW,262558.34375,260297.78125,320025.21875,289807.90625,264942.9375,259480.78125,233938.109375,269581.09375
1771511515.6156614,RAW,262545.125,260284.203125,320006.625,289792.34375,264929.34375,259465.953125,233928.8125,269569.75
1771511515.6156614,RAW,262557.28125,260294.921875,320011.28125,289805.03125,264941.125,259477.65625,233943.03125,269579.3125
1771511515.6156614,RAW,262551.375,260287.953125,320001.8125,289794.3125,264938.46875,259477.390625,233936.3125,269587.1875
1771511515.6156614,RAW,262543.4375,260278.75,319991.96875,289786.1875,264930.0625,259464.96875,233931.578125,269571.96875
1771511515.6156614,RAW,262541.28125,260276.78125,319988.5625,289778.84375,264926.84375,259462.546875,233929.96875,269564.8125
1771511515.6156614,RAW,262540.03125,260276.15625,319979.09375,289770.1875,264926.9375,259464.34375,233928.546875,269569.03125
1771511515.6156614,RAW,262551.125,260289.65625,319977.125,289780.375,264939.625,259473.453125,233941.0625,269582.0
1771511515.6156614,RAW,262549.15625,260288.578125,319970.25,289775.90625,264938.71875,259474.625,233940.4375,269577.0625
1771511515.6156614,RAW,262541.0,260282.5,319958.625,289772.9375,264934.96875,259468.890625,233940.796875,269571.25
1771511515.6156614,RAW,262536.375,260277.9375,319951.375,289765.71875,264929.78125,259461.5625,233937.296875,269567.78125
1771511515.6156614,RAW,262534.46875,260274.1875,319945.9375,289754.4375,264923.09375,259456.109375,233928.984375,269564.71875
1771511515.6156614,RAW,262538.5,260288.3125,319946.09375,289755.4375,264935.25,259467.375,233942.21875,269572.25
1771511515.6156614,RAW,262552.90625,260299.390625,319948.59375,289764.0,264948.28125,259480.34375,233950.359375,269582.71875
1771511515.6156614,RAW,262541.46875,260276.953125,319926.625,289743.8125,264928.1875,259459.59375,233926.65625,269569.5625
1771511515.6156614,RAW,262542.1875,260278.296875,319922.6875,289741.125,264927.71875,259460.578125,233926.3125,269573.40625
1771511515.6156614,RAW,262547.34375,260284.921875,319924.8125,289740.59375,264930.59375,259466.296875,233927.109375,269574.65625
1771511515.6156614,RAW,262553.25,260291.34375,319928.84375,289743.4375,264938.90625,259477.296875,233934.078125,269588.0625
1771511515.6156614,RAW,262557.375,260294.390625,319929.5625,289744.15625,264942.84375,259480.4375,233941.0625,269582.53125
1771511515.6156614,RAW,262556.3125,260294.03125,319929.03125,289743.25,264941.3125,259480.875,233937.75,269579.84375
1771511515.6156614,RAW,262541.625,260286.078125,319922.59375,289732.0,264933.71875,259476.9375,233928.1875,269574.5625
1771511515.6156614,RAW,262533.40625,260280.984375,319909.1875,289725.125,264928.4375,259469.4375,233923.890625,269571.96875
1771511515.6156614,RAW,262537.4375,260287.6875,319906.59375,289726.8125,264935.25,259474.4375,233930.78125,269576.90625
1771511515.6156614,RAW,262540.65625,260291.078125,319903.0,289722.6875,264941.3125,259480.34375,233936.3125,269579.40625
1771511515.6156614,RAW,262545.125,260295.28125,319907.46875,289718.21875,264949.1875,259488.65625,233943.5625,269583.40625
1771511515.6156614,RAW,262538.25,260289.828125,319894.25,289713.59375,264942.65625,259479.984375,233936.140625,269581.8125
1771511515.6156614,RAW,262541.1875,260291.34375,319889.59375,289711.53125,264937.5625,259473.90625,233930.59375,269572.15625
1771511515.6156614,RAW,262524.46875,260276.328125,319870.03125,289695.53125,264923.09375,259456.828125,233921.921875,269561.25
1771511515.719284,RAW,262524.1875,260273.46875,319861.78125,289691.0625,264920.40625,259454.6875,233920.3125,269556.5
1771511515.719284,RAW,262527.40625,260276.515625,319856.15625,289693.375,264927.0,259460.40625,233928.546875,269567.78125
1771511515.719284,RAW,262509.90625,260259.96875,319836.59375,289677.28125,264914.0625,259447.796875,233917.984375,269554.28125
1771511515.719284,RAW,262517.75,260268.1875,319838.71875,289678.71875,264925.3125,259457.8125,233927.46875,269572.875
1771511515.719284,RAW,262518.375,260271.765625,319831.46875,289682.28125,264931.9375,259458.609375,233934.53125,269585.125
1771511515.719284,RAW,262508.28125,260265.421875,319819.9375,289672.90625,264924.59375,259448.328125,233926.84375,269576.1875
1771511515.719284,RAW,262497.75,260252.1875,319802.0625,289653.0625,264914.125,259437.515625,233914.765625,269562.5
1771511515.719284,RAW,262495.15625,260254.515625,319797.34375,289656.625,264917.71875,259441.984375,233919.328125,269564.375
1771511515.719284,RAW,262496.125,260255.234375,319790.53125,289654.84375,264916.375,259443.765625,233917.640625,269566.0625
1771511515.719284,RAW,262524.90625,260278.65625,319809.125,289676.21875,264934.0,259462.453125,233933.1875,269583.6875
1771511515.719284,RAW,262530.46875,260284.375,319813.96875,289676.21875,264937.03125,259467.640625,233934.984375,269582.875
1771511515.719284,RAW,262528.65625,260283.9375,319807.34375,289669.40625,264934.15625,259464.96875,233931.140625,269574.84375
1771511515.719284,RAW,262542.8125,260297.4375,319816.90625,289679.34375,264945.0,259475.25,233941.953125,269583.96875
1771511515.719284,RAW,262539.5,260293.046875,319807.34375,289664.125,264939.4375,259470.953125,233934.796875,269582.96875
1771511515.719284,RAW,262529.21875,260280.71875,319795.09375,289645.8125,264925.0625,259456.828125,233920.671875,269559.625
1771511515.719284,RAW,262544.125,260295.828125,319810.5625,289659.9375,264941.125,259475.25,233935.875,269570.53125
1771511515.719284,RAW,262545.21875,260296.453125,319800.0,289658.78125,264945.0,259479.890625,233940.34375,269572.875
1771511515.719284,RAW,262541.71875,260291.984375,319794.1875,289652.78125,264939.34375,259473.71875,233938.28125,269563.3125
1771511515.719284,RAW,262537.15625,260283.75,319785.15625,289646.96875,264931.125,259464.34375,233936.671875,269556.34375
1771511515.719284,RAW,262529.03125,260278.5625,319778.46875,289632.65625,264926.21875,259460.9375,233930.234375,269563.3125
1771511515.719284,RAW,262526.96875,260279.109375,319772.84375,289632.21875,264925.9375,259461.390625,233930.859375,269565.90625
1771511515.719284,RAW,262528.65625,260280.359375,319765.9375,289631.9375,264924.875,259458.609375,233933.453125,269564.1875
1771511515.719284,RAW,262515.8125,260264.703125,319748.5,289611.3125,264905.125,259440.734375,233916.109375,269552.3125
1771511515.719284,RAW,262506.3125,260254.25,319734.9375,289598.25,264890.96875,259428.9375,233903.0625,269544.71875
1771511515.719284,RAW,262508.46875,260255.5,319735.71875,289601.1875,264892.5,259433.40625,233907.34375,269547.9375
1771511515.719284,RAW,262506.84375,260251.5625,319728.84375,289597.875,264892.9375,259434.390625,233905.65625,269552.5625
1771511515.719284,RAW,262510.4375,260252.375,319727.78125,289599.0625,264897.78125,259438.59375,233906.1875,269555.25
1771511515.9305449,RAW,262512.59375,260252.8125,319722.5,289596.28125,264898.59375,259438.046875,233906.375,269550.96875
1771511515.9305449,RAW,262513.5625,260253.796875,319716.59375,289591.90625,264899.5625,259438.140625,233904.578125,269560.34375
1771511515.9305449,RAW,262520.4375,260261.765625,319716.40625,289595.75,264906.71875,259443.234375,233910.125,269566.78125
1771511515.9305449,RAW,262526.875,260269.0,319716.96875,289601.65625,264915.40625,259446.453125,233920.40625,269566.25
1771511515.9305449,RAW,262521.15625,260264.078125,319703.1875,289594.125,264914.9375,259440.375,233917.71875,269566.625
1771511515.9305449,RAW,262512.65625,260256.484375,319686.375,289588.5,264910.03125,259430.09375,233916.65625,269550.96875
1771511515.9305449,RAW,262500.34375,260244.765625,319673.21875,289577.5,264900.46875,259421.875,233905.921875,269541.84375
1771511515.9305449,RAW,262501.21875,260247.359375,319677.15625,289579.03125,264906.4375,259427.140625,233911.28125,269546.9375
1771511515.9305449,RAW,262503.5625,260253.4375,319678.875,289578.84375,264916.375,259436.984375,233919.421875,269552.5625
1771511515.9305449,RAW,262505.15625,260260.6875,319676.09375,289579.65625,264927.0,259448.328125,233928.8125,269563.3125
1771511515.9305449,RAW,262508.03125,260264.53125,319675.46875,289579.75,264930.21875,259454.59375,233932.109375,269571.4375
1771511515.9305449,RAW,262507.46875,260262.921875,319667.34375,289580.28125,264925.40625,259449.140625,233931.40625,269561.96875
1771511515.9305449,RAW,262504.96875,260256.484375,319657.0625,289571.25,264914.5,259437.6875,233924.421875,269550.34375
1771511515.9305449,RAW,262504.8125,260254.6875,319657.0625,289564.09375,264912.8125,259438.40625,233923.71875,269552.84375
1771511515.9305449,RAW,262504.25,260257.828125,319662.3125,289561.84375,264916.1875,259446.1875,233926.484375,269561.875
1771511515.9305449,RAW,262505.15625,260259.078125,319659.375,289557.75,264915.46875,259448.875,233925.046875,269563.3125
1771511515.9305449,RAW,262502.28125,260252.90625,319645.34375,289551.9375,264905.65625,259439.921875,233915.578125,269550.34375
1771511515.9305449,RAW,262511.25,260258.453125,319645.25,289555.78125,264909.21875,259445.734375,233919.953125,269555.96875
1771511515.9305449,RAW,262496.9375,260243.515625,319627.625,289540.21875,264893.5,259428.03125,233908.421875,269538.1875
1771511515.9305449,RAW,262498.0,260245.578125,319628.875,289535.84375,264896.4375,259431.875,233907.703125,269544.53125
1771511515.9305449,RAW,262522.3125,260267.5625,319650.71875,289550.59375,264918.34375,259455.84375,233923.171875,269569.375
1771511515.9305449,RAW,262520.96875,260263.1875,319637.90625,289542.90625,264911.375,259447.265625,233917.71875,269562.0625
1771511515.9305449,RAW,262520.90625,260260.859375,319628.96875,289542.46875,264906.90625,259441.890625,233916.734375,269560.625
1771511515.9305449,RAW,262521.96875,260258.359375,319623.15625,289537.625,264901.8125,259437.515625,233910.84375,269556.78125
1771511515.9305449,RAW,262517.125,260253.171875,319610.75,289529.59375,264893.75,259429.640625,233904.765625,269544.875
1771511515.9305449,RAW,262522.25,260258.359375,319608.875,289534.3125,264897.34375,259432.515625,233910.921875,269551.0625
1771511515.9305449,RAW,262527.96875,260264.0,319608.59375,289538.625,264900.375,259435.453125,233916.203125,269558.03125
1771511515.9305449,RAW,262524.75,260260.328125,319596.6875,289532.8125,264895.1875,259428.84375,233912.890625,269553.03125
1771511515.9305449,RAW,262519.5625,260255.5,319586.40625,289522.4375,264888.375,259421.6875,233905.390625,269547.9375
1771511515.9305449,RAW,262527.25,260263.28125,319591.6875,289528.34375,264895.0,259430.546875,233911.90625,269549.625
1771511515.9305449,RAW,262525.1875,260258.1875,319583.65625,289524.21875,264887.84375,259422.9375,233908.421875,269538.71875
1771511515.9305449,RAW,262524.8125,260256.484375,319581.3125,289517.78125,264886.34375,259421.0625,233906.1875,269545.78125
1771511515.9305449,RAW,262531.4375,260262.65625,319586.15625,289517.59375,264893.40625,259428.65625,233911.828125,269551.40625
1771511515.9305449,RAW,262532.78125,260262.203125,319582.40625,289510.71875,264894.1875,259428.21875,233908.25,269534.875
1771511515.9305449,RAW,262526.78125,260258.1875,319573.28125,289504.0,264895.375,259425.890625,233907.796875,269532.8125
1771511515.9305449,RAW,262533.59375,260266.046875,319576.21875,289513.21875,264908.5,259437.609375,233922.453125,269539.4375
1771511515.9305449,RAW,262534.03125,260269.453125,319577.75,289509.09375,264912.53125,259445.46875,233921.03125,269545.40625
1771511515.9305449,RAW,262536.375,260276.953125,319578.71875,289509.90625,264925.40625,259459.859375,233927.5625,269568.03125
1771511515.9305449,RAW,262542.0,260294.75,319586.96875,289524.03125,264952.84375,259486.15625,233950.625,269592.28125
1771511515.9305449,RAW,262525.8125,260290.453125,319578.65625,289518.21875,264952.125,259480.609375,233948.5625,269575.375
1771511515.9305449,RAW,262506.84375,260269.359375,319563.25,289494.09375,264929.34375,259458.796875,233927.828125,269545.34375
1771511515.9305449,RAW,262496.5,260253.796875,319547.625,289478.625,264914.5,259445.109375,233917.640625,269543.09375
1771511515.9305449,RAW,262489.4375,260246.375,319535.71875,289469.40625,264905.65625,259436.796875,233910.65625,269537.09375
1771511515.9305449,RAW,262495.6875,260250.046875,319536.8125,289468.5,264910.90625,259442.609375,233918.53125,269545.59375
1771511515.9305449,RAW,262503.28125,260252.375,319541.53125,289464.65625,264914.0625,259452.625,233914.859375,269566.78125
1771511515.9305449,RAW,262507.125,260251.296875,319541.90625,289460.5625,264907.875,259449.765625,233910.125,269555.4375
1771511515.9305449,RAW,262509.28125,260247.546875,319536.875,289453.6875,264899.21875,259441.453125,233905.734375,269543.90625
1771511515.9305449,RAW,262514.09375,260249.78125,319536.53125,289453.40625,264903.78125,259448.15625,233910.921875,269565.1875
1771511515.9305449,RAW,262512.84375,260244.6875,319527.5,289450.1875,264901.8125,259445.46875,233911.015625,269571.25
1771511515.9305449,RAW,262510.875,260240.484375,319520.53125,289445.1875,264897.59375,259443.953125,233906.640625,269577.0625
1771511515.9305449,RAW,262508.375,260239.671875,319510.25,289443.75,264894.8125,259439.921875,233909.5,269576.28125
1771511515.9305449,RAW,262503.46875,260235.828125,319499.6875,289434.90625,264886.875,259431.53125,233900.46875,269574.125
1771511515.9305449,RAW,262503.625,260237.53125,319495.3125,289434.375,264886.96875,259429.015625,233901.8125,269570.28125
1771511516.1500247,RAW,262494.78125,260227.15625,319481.1875,289423.625,264880.875,259419.0,233895.90625,269557.21875
1771511516.1500247,RAW,262500.96875,260233.5,319485.84375,289425.78125,264887.5,259425.265625,233901.265625,269559.1875
1771511516.1500247,RAW,262504.8125,260239.671875,319491.1875,289424.78125,264892.25,259429.203125,233903.78125,269556.59375
1771511516.1500247,RAW,262499.875,260238.515625,319491.375,289417.375,264891.25,259429.828125,233901.890625,269547.46875
1771511516.1500247,RAW,262497.8125,260238.0625,319491.28125,289411.375,264889.71875,259431.703125,233898.046875,269550.59375
1771511516.1500247,RAW,262507.125,260251.65625,319498.4375,289421.03125,264906.1875,259447.796875,233913.703125,269572.78125
1771511516.1500247,RAW,262514.375,260260.15625,319501.5625,289426.3125,264913.25,259452.359375,233918.078125,269561.875
1771511516.1500247,RAW,262502.375,260247.28125,319489.78125,289412.28125,264900.1875,259440.375,233903.328125,269546.0625
1771511516.1500247,RAW,262501.21875,260248.34375,319491.28125,289413.96875,264906.8125,259448.953125,233908.609375,269566.6875
1771511516.1500247,RAW,262497.46875,260247.8125,319482.53125,289413.1875,264907.0625,259447.890625,233912.171875,269560.09375
1771511516.1500247,RAW,262485.40625,260242.09375,319468.5,289402.53125,264903.84375,259443.59375,233915.3125,269557.21875
1771511516.1500247,RAW,262495.15625,260256.03125,319482.53125,289408.875,264921.125,259464.96875,233931.671875,269573.5
1771511516.1500247,RAW,262502.03125,260262.296875,319485.46875,289412.53125,264927.71875,259471.578125,233934.53125,269585.46875
1771511516.1500247,RAW,262484.3125,260243.609375,319463.125,289394.21875,264910.03125,259449.9375,233917.28125,269568.40625
1771511516.1500247,RAW,262478.6875,260239.859375,319454.09375,289389.03125,264900.8125,259438.859375,233910.125,269551.6875
1771511516.1500247,RAW,262486.5625,260247.09375,319451.5,289395.1875,264904.65625,259440.640625,233915.671875,269549.90625
1771511516.1500247,RAW,262484.9375,260241.46875,319441.125,289384.125,264898.84375,259433.84375,233909.5,269538.0
1771511516.1500247,RAW,262480.40625,260235.109375,319429.96875,289378.40625,264892.15625,259424.90625,233905.296875,269535.75
1771511516.1500247,RAW,262476.625,260232.515625,319418.875,289379.65625,264885.4375,259418.296875,233902.796875,269533.53125
1771511516.1500247,RAW,262487.71875,260243.078125,319425.03125,289387.0625,264892.5,259427.765625,233910.390625,269548.28125
1771511516.1500247,RAW,262507.46875,260258.0,319435.59375,289398.6875,264908.25,259442.15625,233926.65625,269569.46875
1771511516.1500247,RAW,262493.4375,260240.484375,319410.46875,289382.3125,264886.34375,259418.734375,233908.0625,269539.25
1771511516.1500247,RAW,262488.4375,260237.34375,319398.40625,289372.84375,264879.8125,259412.84375,233901.546875,269532.46875
1771511516.1500247,RAW,262489.875,260242.796875,319394.375,289377.78125,264886.15625,259415.15625,233913.4375,269543.375
1771511516.1500247,RAW,262483.34375,260238.515625,319383.8125,289372.65625,264888.3125,259411.5,233915.390625,269551.21875
1771511516.1500247,RAW,262477.8125,260234.21875,319376.9375,289364.1875,264891.96875,259415.78125,233914.140625,269560.25
1771511516.1500247,RAW,262472.53125,260230.375,319372.75,289357.375,264895.0,259421.875,233914.0625,269566.4375
1771511516.1500247,RAW,262468.3125,260229.578125,319372.46875,289351.46875,264900.1875,259431.609375,233913.78125,269575.09375
1771511516.1500247,RAW,262470.125,260236.640625,319382.125,289354.6875,264911.625,259446.8125,233921.390625,269593.875
1771511516.1500247,RAW,262462.15625,260229.921875,319376.84375,289346.125,264909.65625,259446.09375,233917.453125,269590.03125
1771511516.1500247,RAW,262455.71875,260224.921875,319370.15625,289340.125,264909.21875,259448.953125,233910.84375,269585.375
1771511516.1500247,RAW,262455.625,260228.234375,319371.21875,289339.5,264916.09375,259456.375,233915.125,269588.6875
1771511516.1500247,RAW,262461.15625,260234.21875,319377.84375,289338.96875,264918.625,259463.171875,233918.890625,269583.25
1771511516.1500247,RAW,262470.125,260247.90625,319390.34375,289349.6875,264929.25,259478.734375,233931.671875,269601.375
1771511516.1500247,RAW,262468.40625,260249.0625,319381.3125,289345.75,264919.59375,259467.46875,233924.25,269581.625
1771511516.1500247,RAW,262463.21875,260246.109375,319372.125,289334.0625,264907.25,259457.625,233909.3125,269554.53125
1771511516.1500247,RAW,262455.34375,260237.890625,319362.71875,289322.6875,264899.75,259452.171875,233901.1875,269550.15625
1771511516.1500247,RAW,262477.875,260255.59375,319382.40625,289339.15625,264918.96875,259472.5625,233919.515625,269576.96875
1771511516.1500247,RAW,262504.71875,260279.28125,319402.40625,289357.46875,264941.40625,259498.671875,233941.6875,269608.625
